USE [MiniSocialNetworkDb];
GO

IF NOT EXISTS (SELECT 1 FROM [AspNetRoles] WHERE [Id] = N'role-admin')
BEGIN
    INSERT INTO [AspNetRoles] ([Id], [Name], [NormalizedName], [ConcurrencyStamp])
    VALUES (N'role-admin', N'Admin', N'ADMIN', N'role-admin-stamp');
END;
GO

IF NOT EXISTS (SELECT 1 FROM [AspNetRoles] WHERE [Id] = N'role-user')
BEGIN
    INSERT INTO [AspNetRoles] ([Id], [Name], [NormalizedName], [ConcurrencyStamp])
    VALUES (N'role-user', N'User', N'USER', N'role-user-stamp');
END;
GO

IF NOT EXISTS (SELECT 1 FROM [AspNetUsers] WHERE [Id] = N'00000000-0000-0000-0000-000000000001')
BEGIN
    INSERT INTO [AspNetUsers]
    ([Id], [DisplayName], [AvatarUrl], [Bio], [CreatedDate], [UserName], [NormalizedUserName], [Email], [NormalizedEmail], [EmailConfirmed], [PasswordHash], [SecurityStamp], [ConcurrencyStamp], [PhoneNumberConfirmed], [TwoFactorEnabled], [LockoutEnabled], [AccessFailedCount])
    VALUES
    (N'00000000-0000-0000-0000-000000000001', N'Admin Demo', NULL, N'System owner', SYSUTCDATETIME(), N'admin@minisocial.local', N'ADMIN@MINISOCIAL.LOCAL', N'admin@minisocial.local', N'ADMIN@MINISOCIAL.LOCAL', 1, N'AQAAAAIAAYagAAAAEFL5sH+mKVywd3I719p2Y6cmoNAuiDNrEEI0SbVFigjoUk72M34aJ+0lTEIarMG5+g==', N'admin-security', N'admin-concurrency', 0, 0, 1, 0);
END;
GO

IF NOT EXISTS (SELECT 1 FROM [AspNetUsers] WHERE [Id] = N'00000000-0000-0000-0000-000000000002')
BEGIN
    INSERT INTO [AspNetUsers]
    ([Id], [DisplayName], [AvatarUrl], [Bio], [CreatedDate], [UserName], [NormalizedUserName], [Email], [NormalizedEmail], [EmailConfirmed], [PasswordHash], [SecurityStamp], [ConcurrencyStamp], [PhoneNumberConfirmed], [TwoFactorEnabled], [LockoutEnabled], [AccessFailedCount])
    VALUES
    (N'00000000-0000-0000-0000-000000000002', N'Alice', NULL, N'Frontend-minded social user.', SYSUTCDATETIME(), N'alice@minisocial.local', N'ALICE@MINISOCIAL.LOCAL', N'alice@minisocial.local', N'ALICE@MINISOCIAL.LOCAL', 1, N'AQAAAAIAAYagAAAAEHutu2ibxeSjJH288vFTr/E73uubF1PG8zD+mW7jOeRAfUcSw3OKbguIbmfI9SwY/Q==', N'alice-security', N'alice-concurrency', 0, 0, 1, 0);
END;
GO

IF NOT EXISTS (SELECT 1 FROM [AspNetUsers] WHERE [Id] = N'00000000-0000-0000-0000-000000000003')
BEGIN
    INSERT INTO [AspNetUsers]
    ([Id], [DisplayName], [AvatarUrl], [Bio], [CreatedDate], [UserName], [NormalizedUserName], [Email], [NormalizedEmail], [EmailConfirmed], [PasswordHash], [SecurityStamp], [ConcurrencyStamp], [PhoneNumberConfirmed], [TwoFactorEnabled], [LockoutEnabled], [AccessFailedCount])
    VALUES
    (N'00000000-0000-0000-0000-000000000003', N'Bob', NULL, N'Backend-focused community member.', SYSUTCDATETIME(), N'bob@minisocial.local', N'BOB@MINISOCIAL.LOCAL', N'bob@minisocial.local', N'BOB@MINISOCIAL.LOCAL', 1, N'AQAAAAIAAYagAAAAEPQj2VWSYilqdvYc656WBTgsgOW4dEYNRqju4NeLu61HRJeDNQxtypIG3xwU0546Mw==', N'bob-security', N'bob-concurrency', 0, 0, 1, 0);
END;
GO

IF NOT EXISTS (SELECT 1 FROM [AspNetUserRoles] WHERE [UserId] = N'00000000-0000-0000-0000-000000000001' AND [RoleId] = N'role-admin')
BEGIN
    INSERT INTO [AspNetUserRoles] ([UserId], [RoleId]) VALUES (N'00000000-0000-0000-0000-000000000001', N'role-admin');
END;
GO

IF NOT EXISTS (SELECT 1 FROM [AspNetUserRoles] WHERE [UserId] = N'00000000-0000-0000-0000-000000000002' AND [RoleId] = N'role-user')
BEGIN
    INSERT INTO [AspNetUserRoles] ([UserId], [RoleId]) VALUES (N'00000000-0000-0000-0000-000000000002', N'role-user');
END;
GO

IF NOT EXISTS (SELECT 1 FROM [AspNetUserRoles] WHERE [UserId] = N'00000000-0000-0000-0000-000000000003' AND [RoleId] = N'role-user')
BEGIN
    INSERT INTO [AspNetUserRoles] ([UserId], [RoleId]) VALUES (N'00000000-0000-0000-0000-000000000003', N'role-user');
END;
GO

IF NOT EXISTS (SELECT 1 FROM [Friendships] WHERE [Id] = '10000000-0000-0000-0000-000000000001')
BEGIN
    INSERT INTO [Friendships] ([Id], [RequesterId], [AddresseeId], [CreatedDate]) VALUES
    ('10000000-0000-0000-0000-000000000001', N'00000000-0000-0000-0000-000000000001', N'00000000-0000-0000-0000-000000000002', DATEADD(day, -10, SYSUTCDATETIME())),
    ('10000000-0000-0000-0000-000000000002', N'00000000-0000-0000-0000-000000000001', N'00000000-0000-0000-0000-000000000003', DATEADD(day, -8, SYSUTCDATETIME())),
    ('10000000-0000-0000-0000-000000000003', N'00000000-0000-0000-0000-000000000002', N'00000000-0000-0000-0000-000000000003', DATEADD(day, -7, SYSUTCDATETIME()));
END;
GO

IF NOT EXISTS (SELECT 1 FROM [Groups] WHERE [Id] = '20000000-0000-0000-0000-000000000001')
BEGIN
    INSERT INTO [Groups] ([Id], [Name], [Description], [OwnerId], [CreatedDate], [IsDeleted]) VALUES
    ('20000000-0000-0000-0000-000000000001', N'Engineering Circle', N'Group for technical planning and team updates.', N'00000000-0000-0000-0000-000000000001', DATEADD(day, -6, SYSUTCDATETIME()), 0),
    ('20000000-0000-0000-0000-000000000002', N'Product Lab', N'Group for backlog discussion and feature ideas.', N'00000000-0000-0000-0000-000000000002', DATEADD(day, -5, SYSUTCDATETIME()), 0);
END;
GO

IF NOT EXISTS (SELECT 1 FROM [GroupMembers] WHERE [GroupId] = '20000000-0000-0000-0000-000000000001' AND [UserId] = N'00000000-0000-0000-0000-000000000001')
BEGIN
    INSERT INTO [GroupMembers] ([GroupId], [UserId], [Role], [JoinedDate]) VALUES
    ('20000000-0000-0000-0000-000000000001', N'00000000-0000-0000-0000-000000000001', 0, DATEADD(day, -6, SYSUTCDATETIME())),
    ('20000000-0000-0000-0000-000000000001', N'00000000-0000-0000-0000-000000000002', 2, DATEADD(day, -6, SYSUTCDATETIME())),
    ('20000000-0000-0000-0000-000000000001', N'00000000-0000-0000-0000-000000000003', 2, DATEADD(day, -5, SYSUTCDATETIME())),
    ('20000000-0000-0000-0000-000000000002', N'00000000-0000-0000-0000-000000000002', 0, DATEADD(day, -5, SYSUTCDATETIME())),
    ('20000000-0000-0000-0000-000000000002', N'00000000-0000-0000-0000-000000000001', 2, DATEADD(day, -4, SYSUTCDATETIME())),
    ('20000000-0000-0000-0000-000000000002', N'00000000-0000-0000-0000-000000000003', 2, DATEADD(day, -4, SYSUTCDATETIME()));
END;
GO

IF NOT EXISTS (SELECT 1 FROM [Posts] WHERE [Id] = '30000000-0000-0000-0000-000000000001')
BEGIN
    INSERT INTO [Posts] ([Id], [UserId], [GroupId], [Content], [MediaUrl], [MediaType], [CreatedDate], [UpdatedDate], [IsDeleted]) VALUES
    ('30000000-0000-0000-0000-000000000001', N'00000000-0000-0000-0000-000000000001', NULL, N'Welcome to Mini Social Network running on SQL Server.', NULL, 0, DATEADD(day, -4, SYSUTCDATETIME()), NULL, 0),
    ('30000000-0000-0000-0000-000000000002', N'00000000-0000-0000-0000-000000000002', NULL, N'Working on the new realtime notifications flow today.', NULL, 0, DATEADD(day, -3, SYSUTCDATETIME()), NULL, 0),
    ('30000000-0000-0000-0000-000000000003', N'00000000-0000-0000-0000-000000000003', NULL, N'Backend is ready for under-100 concurrent demo traffic.', NULL, 0, DATEADD(day, -2, SYSUTCDATETIME()), NULL, 0),
    ('30000000-0000-0000-0000-000000000004', N'00000000-0000-0000-0000-000000000001', '20000000-0000-0000-0000-000000000001', N'Sprint planning starts at 9AM tomorrow.', NULL, 0, DATEADD(day, -2, SYSUTCDATETIME()), NULL, 0),
    ('30000000-0000-0000-0000-000000000005', N'00000000-0000-0000-0000-000000000002', '20000000-0000-0000-0000-000000000002', N'Please review the backlog before standup.', NULL, 0, DATEADD(day, -1, SYSUTCDATETIME()), NULL, 0),
    ('30000000-0000-0000-0000-000000000006', N'00000000-0000-0000-0000-000000000003', NULL, N'Can confirm private messaging for friends is working.', NULL, 0, DATEADD(hour, -8, SYSUTCDATETIME()), NULL, 0);
END;
GO

IF NOT EXISTS (SELECT 1 FROM [Comments] WHERE [Id] = '40000000-0000-0000-0000-000000000001')
BEGIN
    INSERT INTO [Comments] ([Id], [PostId], [UserId], [Content], [CreatedDate], [UpdatedDate], [IsDeleted]) VALUES
    ('40000000-0000-0000-0000-000000000001', '30000000-0000-0000-0000-000000000001', N'00000000-0000-0000-0000-000000000002', N'Great, SQL Server setup is ready.', DATEADD(day, -4, SYSUTCDATETIME()), NULL, 0),
    ('40000000-0000-0000-0000-000000000002', '30000000-0000-0000-0000-000000000002', N'00000000-0000-0000-0000-000000000001', N'Let us include a notification center page too.', DATEADD(day, -3, SYSUTCDATETIME()), NULL, 0),
    ('40000000-0000-0000-0000-000000000003', '30000000-0000-0000-0000-000000000003', N'00000000-0000-0000-0000-000000000002', N'We should still watch DB connections in production.', DATEADD(day, -2, SYSUTCDATETIME()), NULL, 0),
    ('40000000-0000-0000-0000-000000000004', '30000000-0000-0000-0000-000000000004', N'00000000-0000-0000-0000-000000000003', N'I will share blockers in the group chat.', DATEADD(day, -2, SYSUTCDATETIME()), NULL, 0),
    ('40000000-0000-0000-0000-000000000005', '30000000-0000-0000-0000-000000000005', N'00000000-0000-0000-0000-000000000001', N'Looks good, backlog is clear.', DATEADD(day, -1, SYSUTCDATETIME()), NULL, 0),
    ('40000000-0000-0000-0000-000000000006', '30000000-0000-0000-0000-000000000006', N'00000000-0000-0000-0000-000000000001', N'Nice. I will test it from another browser.', DATEADD(hour, -6, SYSUTCDATETIME()), NULL, 0);
END;
GO

IF NOT EXISTS (SELECT 1 FROM [Reactions] WHERE [Id] = '50000000-0000-0000-0000-000000000001')
BEGIN
    INSERT INTO [Reactions] ([Id], [PostId], [UserId], [Type], [CreatedDate]) VALUES
    ('50000000-0000-0000-0000-000000000001', '30000000-0000-0000-0000-000000000001', N'00000000-0000-0000-0000-000000000002', 1, DATEADD(day, -4, SYSUTCDATETIME())),
    ('50000000-0000-0000-0000-000000000002', '30000000-0000-0000-0000-000000000001', N'00000000-0000-0000-0000-000000000003', 0, DATEADD(day, -4, SYSUTCDATETIME())),
    ('50000000-0000-0000-0000-000000000003', '30000000-0000-0000-0000-000000000002', N'00000000-0000-0000-0000-000000000001', 0, DATEADD(day, -3, SYSUTCDATETIME())),
    ('50000000-0000-0000-0000-000000000004', '30000000-0000-0000-0000-000000000003', N'00000000-0000-0000-0000-000000000002', 2, DATEADD(day, -2, SYSUTCDATETIME())),
    ('50000000-0000-0000-0000-000000000005', '30000000-0000-0000-0000-000000000004', N'00000000-0000-0000-0000-000000000003', 0, DATEADD(day, -2, SYSUTCDATETIME())),
    ('50000000-0000-0000-0000-000000000006', '30000000-0000-0000-0000-000000000006', N'00000000-0000-0000-0000-000000000001', 1, DATEADD(hour, -5, SYSUTCDATETIME()));
END;
GO

IF NOT EXISTS (SELECT 1 FROM [Messages] WHERE [Id] = '60000000-0000-0000-0000-000000000001')
BEGIN
    INSERT INTO [Messages] ([Id], [SenderId], [ReceiverId], [GroupId], [Content], [CreatedDate], [IsGroupMessage]) VALUES
    ('60000000-0000-0000-0000-000000000001', N'00000000-0000-0000-0000-000000000002', N'00000000-0000-0000-0000-000000000003', NULL, N'Private chat between friends is online.', DATEADD(day, -2, SYSUTCDATETIME()), 0),
    ('60000000-0000-0000-0000-000000000002', N'00000000-0000-0000-0000-000000000003', N'00000000-0000-0000-0000-000000000002', NULL, N'Confirmed, I received it instantly.', DATEADD(day, -2, DATEADD(minute, 5, SYSUTCDATETIME())), 0),
    ('60000000-0000-0000-0000-000000000003', N'00000000-0000-0000-0000-000000000001', NULL, '20000000-0000-0000-0000-000000000001', N'Welcome to Engineering Circle.', DATEADD(day, -1, SYSUTCDATETIME()), 1),
    ('60000000-0000-0000-0000-000000000004', N'00000000-0000-0000-0000-000000000002', NULL, '20000000-0000-0000-0000-000000000002', N'Backlog review can start now.', DATEADD(day, -1, DATEADD(minute, 3, SYSUTCDATETIME())), 1),
    ('60000000-0000-0000-0000-000000000005', N'00000000-0000-0000-0000-000000000001', N'00000000-0000-0000-0000-000000000002', NULL, N'Please verify deployment settings for SignalR.', DATEADD(hour, -10, SYSUTCDATETIME()), 0),
    ('60000000-0000-0000-0000-000000000006', N'00000000-0000-0000-0000-000000000002', N'00000000-0000-0000-0000-000000000001', NULL, N'Will do. Current target is under 100 concurrent users.', DATEADD(hour, -9, SYSUTCDATETIME()), 0);
END;
GO

IF NOT EXISTS (SELECT 1 FROM [Notifications] WHERE [Id] = '70000000-0000-0000-0000-000000000001')
BEGIN
    INSERT INTO [Notifications] ([Id], [UserId], [ActorId], [Type], [Title], [Message], [Link], [IsRead], [CreatedDate]) VALUES
    ('70000000-0000-0000-0000-000000000001', N'00000000-0000-0000-0000-000000000002', N'00000000-0000-0000-0000-000000000001', 0, N'New post from your friend', N'Admin Demo posted a new update on the main feed.', N'/posts/30000000-0000-0000-0000-000000000001', 0, DATEADD(day, -4, SYSUTCDATETIME())),
    ('70000000-0000-0000-0000-000000000002', N'00000000-0000-0000-0000-000000000003', N'00000000-0000-0000-0000-000000000002', 3, N'New private message', N'Alice sent you a private message.', N'/chat', 0, DATEADD(day, -2, SYSUTCDATETIME())),
    ('70000000-0000-0000-0000-000000000003', N'00000000-0000-0000-0000-000000000001', N'00000000-0000-0000-0000-000000000002', 1, N'New comment from your friend', N'commented on your post: Great, SQL Server setup is ready.', N'/posts/30000000-0000-0000-0000-000000000001', 0, DATEADD(day, -4, SYSUTCDATETIME())),
    ('70000000-0000-0000-0000-000000000004', N'00000000-0000-0000-0000-000000000001', N'00000000-0000-0000-0000-000000000003', 2, N'New reaction from your friend', N'reacted Love on your post.', N'/posts/30000000-0000-0000-0000-000000000001', 0, DATEADD(day, -4, SYSUTCDATETIME())),
    ('70000000-0000-0000-0000-000000000005', N'00000000-0000-0000-0000-000000000003', N'00000000-0000-0000-0000-000000000001', 4, N'New friendship', N'added you as a friend.', N'/friends', 1, DATEADD(day, -8, SYSUTCDATETIME())),
    ('70000000-0000-0000-0000-000000000006', N'00000000-0000-0000-0000-000000000002', N'00000000-0000-0000-0000-000000000003', 0, N'New post from your friend', N'Bob posted a new update on the main feed.', N'/posts/30000000-0000-0000-0000-000000000003', 0, DATEADD(day, -2, SYSUTCDATETIME()));
END;
GO
